上位のクエリ,クリック数,表示回数,CTR,掲載順位
野球 個人成績 アプリ 無料,73,496,14.72%,3.69
buzz base,31,67,46.27%,1.61
ops 計算,22,1451,1.52%,4.83
buzzbase,17,34,50%,3.09
野球 成績 アプリ,11,167,6.59%,5.93
出塁率 計算,9,465,1.94%,3.71
野球計算機,9,43,20.93%,3.42
打率計算,8,1022,0.78%,7.94
野球ノート アプリ,8,125,6.4%,10.18
打率 計算,8,115,6.96%,11.07
野球 個人成績 アプリ,8,64,12.5%,3.67
打撃成績 計算,8,48,16.67%,4.92
打撃成績 アプリ,7,40,17.5%,3.2
打率計算アプリ,6,214,2.8%,6.97
野球 打率 アプリ 無料,6,77,7.79%,4.12
長打率 計算,5,945,0.53%,4.61
打率計算 アプリ,5,100,5%,5.23
野球成績管理アプリ,5,77,6.49%,6.09
野球 成績 計算,5,77,6.49%,7.94
野球成績アプリ,4,155,2.58%,5.86
野球 打率 アプリ,4,77,5.19%,6.32
k/bb 計算,4,11,36.36%,2.27
ops計算,3,160,1.88%,5.27
野球 指標 一覧,3,148,2.03%,3.2
ops 計算式,3,40,7.5%,5.7
ops と は計算,2,77,2.6%,6.61
打率アプリ,2,67,2.99%,5.3
野球 ops 計算,2,65,3.08%,2.78
ops 計算 ツール,2,30,6.67%,2.93
ops計算機,2,14,14.29%,3.79
打者成績 計算,2,13,15.38%,6
k/bb,1,173,0.58%,5.68
ops 計算方法,1,131,0.76%,7.04
出塁率計算,1,96,1.04%,3.44
野球成績計算,1,67,1.49%,5.96
打率計算 サイト,1,59,1.69%,5.64
打率計算機,1,57,1.75%,5.61
長打率計算,1,57,1.75%,6.95
長 打率 計算,1,54,1.85%,6.93
野球打率アプリ,1,46,2.17%,6.09
打率 アプリ,1,37,2.7%,4.62
野球スコア アプリ 個人成績,1,30,3.33%,9.2
出塁率 計算方法,1,24,4.17%,4.08
打率 計算サイト,1,22,4.55%,6.27
bb/9 野球,1,17,5.88%,3.29
成績管理アプリ 無料,1,17,5.88%,6.76
ops出し方,1,16,6.25%,5.81
野球出塁率計算,1,14,7.14%,3.57
野球指標 一覧,1,14,7.14%,3.64
投手成績 計算,1,14,7.14%,7
野球スコアアプリ 個人成績,1,12,8.33%,12.08
野球 指標 計算,1,6,16.67%,7.17
とうしゅ,1,1,100%,1
野球 失点とは,0,308,0%,1
防御率,0,216,0%,1.12
オーピーエス 計算,0,152,0%,4.57
打率の出し方,0,129,0%,4.5
打率とは,0,114,0%,1.01
野球記録計算,0,102,0%,6.12
打率 計算方法,0,102,0%,10.45
k/bbとは,0,83,0%,5.52
自責点とは,0,68,0%,1
長打率 計算方法,0,68,0%,7.44
野球 打率 計算,0,67,0%,10.93
防御率とは,0,65,0%,1
被安打率 計算,0,58,0%,9.38
打率の計算,0,57,0%,4
失点とは 野球,0,55,0%,1
失点と は 野球,0,52,0%,1.04
打率,0,52,0%,1.17
k/bb 目安,0,51,0%,3.33
超打率 計算,0,45,0%,5.29
防御率計算,0,43,0%,20.28
抑えのピッチャー,0,39,0%,1
k-bbパーセント,0,37,0%,6.46
打率計算方法,0,36,0%,8.42
野球 長打率 計算,0,34,0%,4.76
ops計算方法,0,34,0%,6.41
長打率 出し方,0,33,0%,1.55
obp 野球,0,33,0%,8.82
野球失点とは,0,31,0%,1
成績計算,0,31,0%,7.23
成績,0,31,0%,43.87
k-bb%,0,30,0%,5.53
三振率,0,30,0%,6.3
野球成績 アプリ,0,29,0%,6.24
ｋ／ｂｂ,0,28,0%,6.5
被本塁打とは,0,27,0%,1
野球 成績 見方,0,27,0%,3.81
打率求め方,0,26,0%,4.58
野球の失点とは,0,25,0%,1
野球の打率の出し方,0,25,0%,6.4
抑え投手,0,24,0%,1
打率 とは,0,22,0%,1
打率出し方,0,22,0%,3.73
超打率 計算方法,0,22,0%,7.09
k-bb 野球,0,21,0%,5.14
塁打数 計算,0,21,0%,9.1
k-bb,0,20,0%,5.1
抑えピッチャー,0,19,0%,1
野球 失点率 計算,0,19,0%,5
打率 求め方,0,19,0%,6.63
打率計算の仕方,0,18,0%,1
野球 打率とは,0,18,0%,1
ops計算式,0,18,0%,5.78
打数 計算,0,18,0%,10.11
野球の打率,0,17,0%,1
野球スコアの付け方,0,17,0%,1
打率の計算方法,0,17,0%,4.47
野球 obp,0,17,0%,8.65
野球打率の出し方,0,17,0%,9.41
与四球率 計算,0,16,0%,6.62
野球打率計算,0,16,0%,7.88
obp 出塁率,0,16,0%,8.06
野球 指標,0,16,0%,10
被本塁打率 計算,0,16,0%,11.12
wbc 失点 率 計算 方法,0,15,0%,1
野球打率とは,0,15,0%,1
打率の求め方,0,15,0%,4.93
防御率 計算 アプリ,0,15,0%,8.2
防御率 計算方法,0,15,0%,16.13
イニングとは,0,14,0%,1
出塁率 目安,0,14,0%,10.86
野球 出塁率 計算,0,13,0%,3.23
野球 ops 計算方法,0,13,0%,5.08
ops 算出方法,0,13,0%,5.62
野球 防御率 計算,0,13,0%,7.31
野球 打率計算,0,13,0%,12.23
長打率 計算式,0,13,0%,13.54
与四死球率,0,12,0%,1
失点率とは,0,12,0%,1.67
打率 出し方,0,12,0%,2.58
出塁率 出し方,0,12,0%,3.33
野球 個人成績,0,12,0%,8.75
ops 野球 指標,0,12,0%,13.17
防御率 計算,0,12,0%,15.83
k-bb 目安,0,11,0%,2.82
出塁率 求め方,0,11,0%,2.82
野球 得点率 計算,0,11,0%,3.73
ops 出し方,0,11,0%,6.45
bb 野球,0,10,0%,1
野球 bb,0,10,0%,1
三振率 計算 野手,0,10,0%,1.1
ops求め方,0,10,0%,5.5
野球アプリ 無料,0,10,0%,8.1
投手 勝率 計算,0,10,0%,11.3
ops 目安,0,10,0%,11.7
打率 出塁率,0,9,0%,1
失点とは,0,9,0%,2
投手 成績 指標,0,9,0%,3.78
k bb,0,9,0%,4.78
野球 成績管理アプリ,0,9,0%,5.67
kbb 目安,0,9,0%,7.11
野球 防御率 計算方法,0,9,0%,8
被打率 計算,0,9,0%,10.67
k-bb 平均,0,8,0%,1
イニング数とは,0,8,0%,1
抑え ピッチャー,0,8,0%,1
野球チーム管理アプリ,0,8,0%,1.25
出塁率求め方,0,8,0%,1.62
防御 率 計算,0,8,0%,49.62
ピッチャー 抑え,0,7,0%,1
被打率,0,7,0%,1
出塁率出し方,0,7,0%,3.14
オーピーエス計算,0,7,0%,4.43
出塁率 計算式,0,7,0%,4.57
投手 指標 一覧,0,7,0%,5.14
打率計算サイト,0,7,0%,6.57
opsの計算方法,0,7,0%,7
kbb 野球 目安,0,7,0%,7.86
野球ノート 無料,0,7,0%,7.86
個人成績表,0,7,0%,8.14
野球 打率 計算方法,0,7,0%,9.57
防御率の計算方法,0,7,0%,9.57
kbb 野球,0,6,0%,1
バッティングのアベレージ,0,6,0%,1
失点率,0,6,0%,1
犠牲フライ 出塁率,0,6,0%,1
被本塁打,0,6,0%,1
野球 投手 指標,0,6,0%,1
bb/k 野手,0,6,0%,1.33
出塁率とは,0,6,0%,1.83
打撃指標,0,6,0%,2
安打とは,0,6,0%,2.67
出塁率の出し方,0,6,0%,3.67
k/bb 野球,0,6,0%,6
四球率 計算,0,6,0%,6.17
打率 計算式,0,6,0%,6.5
四死球率 計算,0,6,0%,9.67
打率の計算の仕方,0,6,0%,10
bb/9 計算,0,6,0%,11.83
三振率 計算,0,6,0%,15.83
bb/k,0,5,0%,1
kbbとは,0,5,0%,1
opsランキング 日本,0,5,0%,1
セーブ 野球,0,5,0%,1
投手 指標,0,5,0%,1
野球 ip,0,5,0%,1
野球 失点,0,5,0%,1
失点,0,5,0%,2.6
野球スコア 集計 アプリ,0,5,0%,3.4
base buzz,0,5,0%,5.2
ops 求め方,0,5,0%,6.2
bb-9,0,5,0%,7.2
野球防御率計算,0,5,0%,9
ops 野球 目安,0,5,0%,10
ops,0,5,0%,16.8
失点 自責点,0,4,0%,1
抑え 投手,0,4,0%,1
野球 bb/k,0,4,0%,1
野球 出塁率,0,4,0%,1
長打率 求め方,0,4,0%,1
wbc 失点率とは,0,4,0%,1.5
k bb 目安,0,4,0%,2.25
obp野球,0,4,0%,3.75
成績 計算,0,4,0%,6.25
長打率の計算方法,0,4,0%,7
野球個人成績,0,4,0%,8
長 打率 ops,0,4,0%,9.75
与四死球率 計算,0,4,0%,11.25
1アウトあたりの失点数,0,3,0%,1
bb%,0,3,0%,1
bb/k 目安,0,3,0%,1
k/bb 平均,0,3,0%,1
wbc 失点率 計算方法,0,3,0%,1
プロ野球 kbb,0,3,0%,1
打率とは 簡単に,0,3,0%,1
投球回数,0,3,0%,1
被安打とは,0,3,0%,1
野球 war とは,0,3,0%,1
野球 自責点,0,3,0%,1
野球 自責点とは,0,3,0%,1
野球の回,0,3,0%,1
長打率求め方,0,3,0%,1
制球力,0,3,0%,1.67
失点 野球,0,3,0%,1.67
野球 ops とは,0,3,0%,1.67
野球 打者 指標,0,3,0%,2
野球 失点率とは,0,3,0%,2.33
出塁率,0,3,0%,3
k-bb とは,0,3,0%,8
野球指標,0,3,0%,8.33
防御率計算機,0,3,0%,8.67
k/bb 読み方,0,3,0%,9.67
野球 失点率 計算方法,0,3,0%,9.67
失点率 計算方法,0,3,0%,12.33
長打率 ops,0,3,0%,12.33
自責点 計算,0,3,0%,19.67
奪三振率 計算,0,3,0%,35
野球 勝率 計算,0,3,0%,55.67
bbk 野球,0,2,0%,1
bb野球,0,2,0%,1
wbc 勝ち投手条件,0,2,0%,1
wbc 失点率計算,0,2,0%,1
けーびーびーとは,0,2,0%,1
バッティングアベレージとは,0,2,0%,1
ピッチャー 野球,0,2,0%,1
出塁率5割,0,2,0%,1
失点率 野球,0,2,0%,1
失点率計算,0,2,0%,1
好打者とは,0,2,0%,1
打率表し方,0,2,0%,1
投手 勝率,0,2,0%,1
投手 本塁打 ランキング,0,2,0%,1
相手のエラー 打点,0,2,0%,1
野球 1回で何人打つ,0,2,0%,1
野球 spとは,0,2,0%,1
野球 ウィップ,0,2,0%,1
野球 スコア hp,0,2,0%,1
野球spとは,0,2,0%,1
野球で1 アウト,0,2,0%,1
野球で1アウト,0,2,0%,1
野球の防御率の算出に必要な2つの指標は実績点と何,0,2,0%,1
三振率 打者,0,2,0%,1.5
三振率 打者 計算,0,2,0%,1.5
打者 指標,0,2,0%,1.5
無得点負け,0,2,0%,1.5
計算方法は？,0,2,0%,1.5
k-bb パーセント ランキング,0,2,0%,2
左打者 右手 有鉤骨 骨折 復帰 打撃 成績,0,2,0%,2
敗戦投手,0,2,0%,2
野球 指標一覧,0,2,0%,2
野球スコアk,0,2,0%,2
計算方法,0,2,0%,2.5
wbc 失点とは,0,2,0%,3
長打率とは,0,2,0%,3
野球 計算,0,2,0%,3.5
リリーフ防御率,0,2,0%,4
ops 計算機,0,2,0%,5
bb/9,0,2,0%,5.5
成績計算サイト,0,2,0%,5.5
四球率 打者,0,2,0%,6
k bb 野球,0,2,0%,7
ops 優秀,0,2,0%,10
野球成績,0,2,0%,11
防御率計算 ツール,0,2,0%,11
野球 成績,0,2,0%,11.5
長打率 目安,0,2,0%,12
防御率 出し方,0,2,0%,54
勝率 計算 方法,0,2,0%,62
勝率 計算方法,0,2,0%,63.5
1アウトあたりの失点数が少ないチーム,0,1,0%,1
bb% 野球,0,1,0%,1
bb/9 目安,0,1,0%,1
bbパーセント,0,1,0%,1
ip 野球 スコア,0,1,0%,1
k 野球 意味,0,1,0%,1
k%-bb%,0,1,0%,1
kast率とは,0,1,0%,1
kパーセント 野球,0,1,0%,1
ops 1 超え 意味,0,1,0%,1
ops 野球,0,1,0%,1
opsとは,0,1,0%,1
opsは？,0,1,0%,1
warとは 野球,0,1,0%,1
wbc 失点率 計算,0,1,0%,1
wbc 失点率の計算方法,0,1,0%,1
wpaとは 野球,0,1,0%,1
アプリなの？,0,1,0%,1
サカつく 活動量,0,1,0%,1
シャドバ 勝率 確認方法,0,1,0%,1
バッティングアベレージ とは,0,1,0%,1
バレーボール 効果率 計算,0,1,0%,1
プロ野球 opsとは,0,1,0%,1
三振 k,0,1,0%,1
三振 k 意味,0,1,0%,1
与四球,0,1,0%,1
先発とは 野球,0,1,0%,1
出塁とは,0,1,0%,1
勝ち投手,0,1,0%,1
勝ち星とは,0,1,0%,1
四死球とは,0,1,0%,1
四死球率,0,1,0%,1
失点率 計算式,0,1,0%,1
失点率とは 野球,0,1,0%,1
奪三振,0,1,0%,1
奪三振 k,0,1,0%,1
好投とは,0,1,0%,1
守備アウト数とは,0,1,0%,1
安打率,0,1,0%,1
得失点率 計算,0,1,0%,1
戦績管理ツール,0,1,0%,1
打ってよし 投げてよし,0,1,0%,1
打席と打数の違い,0,1,0%,1
打撃,0,1,0%,1
打数 打席 違い,0,1,0%,1
打点 得点 違い,0,1,0%,1
打率 意味,0,1,0%,1
打率 見方,0,1,0%,1
打率とは 野球,0,1,0%,1
打率意味,0,1,0%,1
打率計算式,0,1,0%,1
投ゴロ,0,1,0%,1
投手指標,0,1,0%,1
援護率 計算,0,1,0%,1
本塁打とは,0,1,0%,1
無料なの？,0,1,0%,1
犠飛,0,1,0%,1
自責点,0,1,0%,1
自責点 とは,0,1,0%,1
自責点とは 野球,0,1,0%,1
被安打,0,1,0%,1
被安打率,0,1,0%,1
被弾 野球,0,1,0%,1
貢献度とは,0,1,0%,1
選球眼 指標,0,1,0%,1
野球 1アウト,0,1,0%,1
野球 k 意味,0,1,0%,1
野球 obpとは,0,1,0%,1
野球 opsとは,0,1,0%,1
野球 の回,0,1,0%,1
野球 イニングとは,0,1,0%,1
野球 スコアの付け方,0,1,0%,1
野球 セーブ,0,1,0%,1
野球 三振 k,0,1,0%,1
野球 勝率,0,1,0%,1
野球 防御率 見方,0,1,0%,1
野球 防御率とは,0,1,0%,1
野球warとは,0,1,0%,1
野球のwarとは,0,1,0%,1
野球の投手,0,1,0%,1
野球スコアhpとは,0,1,0%,1
野球セーブとは,0,1,0%,1
野球ヒットとは,0,1,0%,1
野球ピッチャー,0,1,0%,1
野球投手,0,1,0%,1
野球自責点とは,0,1,0%,1
長打率,0,1,0%,1
長打率出し方,0,1,0%,1
防御率 とは,0,1,0%,1
3イニングとは,0,1,0%,2
k/9 野球,0,1,0%,2
kbb,0,1,0%,2
プロ野球 三振率,0,1,0%,2
プロ野球 出塁率,0,1,0%,2
一覧,0,1,0%,2
勝ち数,0,1,0%,2
失点 とは,0,1,0%,2
打席,0,1,0%,2
打者,0,1,0%,2
投手,0,1,0%,2
無失点,0,1,0%,2
率,0,1,0%,2
算出方法は？,0,1,0%,2
計算式を教えて,0,1,0%,2
野球 データ アプリ,0,1,0%,2
野球 データ エクセル 無料,0,1,0%,2
野球 失,0,1,0%,2
bリーグ 貢献度,0,1,0%,3
ops ランキング,0,1,0%,3
どう計算するの？,0,1,0%,3
プロスピa,0,1,0%,3
成績 計算 サイト,0,1,0%,3
打線とは,0,1,0%,3
投球回,0,1,0%,3
残塁とは,0,1,0%,3
計算方法は,0,1,0%,3
野球ops,0,1,0%,3
野球のスコアの見方,0,1,0%,3
野球個人成績 アプリ,0,1,0%,3
野球失点率とは,0,1,0%,3
野球無料アプリ,0,1,0%,3
ベースボールマネージャー,0,1,0%,4
リリーフ 防御率,0,1,0%,4
ワンナウト 野球,0,1,0%,4
出率計算,0,1,0%,4
野球スコアアプリ 初心者 無料,0,1,0%,4
防御率 計算式,0,1,0%,4
k bb ratio,0,1,0%,5
k/bb%ランキング,0,1,0%,5
○○投手,0,1,0%,5
サイトを教えてください,0,1,0%,5
スコア計算方法,0,1,0%,5
野球 アプリ スコア,0,1,0%,5
野球用語,0,1,0%,5
auto ops,0,1,0%,7
buzz マイページ,0,1,0%,8
個人成績,0,1,0%,8
個人記録,0,1,0%,8
score base,0,1,0%,9
お願いします,0,1,0%,9
野球アプリ無料,0,1,0%,9
本塁打率 計算,0,1,0%,12
野球失点率計算,0,1,0%,12
与 四球 率 計算,0,1,0%,13
野球計算,0,1,0%,14
ops 指標,0,1,0%,18
データ系,0,1,0%,18
野球 kbb,0,1,0%,32
本塁打 率 計算,0,1,0%,40
打率 計算 方法,0,1,0%,47
打率 計算機,0,1,0%,48
防御 率 計算 方法,0,1,0%,52
防御率出し方,0,1,0%,53
野球勝率計算,0,1,0%,54
勝率の出し方,0,1,0%,58
プロ野球 勝率 投手 計算方法,0,1,0%,80
勝率の計算,0,1,0%,85
プロ野球 勝率 計算,0,1,0%,89